<?xml version="1.0" encoding="UTF-8"?>
<!DOCTYPE hibernate-mapping PUBLIC "-//Hibernate/Hibernate Mapping DTD 3.0//EN" "http://hibernate.sourceforge.net/hibernate-mapping-3.0.dtd">

<hibernate-mapping>
  <class name="com.aaa_ngac_demo.AAA_NGAC_Server.arrowhead_models.arrowheadservice" table="arrowheadservice">
              <id  name="id" type="int" column="service_id">
        <generator class="native"/>
      </id>
      <property name="metaData" column="metaData" type="string"/>
      <property name="serviceName" column="serviceName" type="string"/>
      <many-to-one name="set_id" class="com.aaa_ngac_demo.AAA_NGAC_Server.ngac_database.operation_set"
            column="set_id" unique="true" not-null="true"
            cascade="all" />
   </class>
</hibernate-mapping>
